,id,text,admiration,amusement,anger,annoyance,approval,caring,confusion,curiosity,desire,disappointment,disapproval,disgust,embarrassment,excitement,fear,gratitude,grief,joy,love,neurvousness,optimism,pride,realization,relief,remorse,sadness,surprise,neutral,Highest Score,sentiment
0,effa5bv,Here’s a little update lol so far I’ve had 3 matches today and all of them were “cam models” lmfao,0,2,0,0,1,0,0,0,0,0,0,0,0,0,0,0,0,1,0,0,0,0,0,0,0,0,0,1,amusement,positive
1,ee750rr,That's the kind of problem a physical therapist is more qualified to handle. Good luck,0,0,0,0,2,1,0,0,0,0,0,0,0,0,0,2,0,0,0,0,0,0,0,0,0,0,0,0,approval,positive
2,edmu4ma,What sort of material would actually swell this much instead of eroding or just breaking? Is his ceiling made of rubber?,0,0,0,0,0,0,1,2,0,0,0,0,0,0,0,0,0,0,0,0,0,0,0,0,0,0,0,1,curiosity,neutral
3,eebddav,I'm going to Rome for a second date. The joys of Bumbling while back home for Christmas and meeting another emigrant.,0,0,0,0,1,0,0,0,0,0,0,0,0,2,0,0,0,1,0,0,0,0,0,0,0,0,0,1,excitement,positive
4,ed5yv4n,No worries. Apparently he still loves Toronto.,0,0,0,0,0,1,0,0,0,0,0,0,0,0,0,0,0,0,2,0,0,0,0,0,0,0,0,1,love,positive
5,efebyb9,[NAME] forbid I’m actually anti-war and anti-theft and want my vote (or lack thereof) to reflect those philosophies.,0,0,0,0,0,0,0,0,1,0,0,0,0,0,0,0,0,0,0,0,0,0,0,0,0,0,0,2,neutral,neutral
6,edqf0me,I got an instant win. One free chicken strip. 😂🙄,0,1,0,0,1,0,0,0,0,0,0,0,0,0,0,0,0,1,0,0,0,0,0,0,0,0,0,1,amusement,positive
7,edmnl7t,Yea can get a pic of me and my mates when we go out for drinks next So don't bother trying with jokes? Just keep it empty?,0,0,0,2,0,0,1,0,0,0,0,0,0,0,0,0,0,1,0,0,0,0,0,0,0,0,0,1,annoyance,negative
8,edfp5mz,There are courts. You need to document all this and let the judge give him a tongue lashing. Not that that would make a difference...,0,0,0,0,0,0,0,0,0,0,0,0,0,0,0,0,0,0,0,0,1,0,1,0,0,0,0,2,neutral,neutral
9,eemmdaq,"The Patriots dethroned the Rams and the greatest show on turf, it'd be cool for the Rams to do the same now.",1,0,0,0,0,0,0,0,1,0,0,0,0,0,0,0,0,0,0,0,2,0,0,1,0,0,0,1,optimism,positive
10,eeibgp2,LMAO BRONER REALLY HOLDING ON FOR HIS LIFE,0,1,0,0,0,0,0,0,0,0,0,0,0,0,0,0,0,0,0,0,0,0,0,0,0,0,0,0,amusement,positive
11,ed4p5qi,I feel like I’ve seen these before... but when I was very little,0,0,0,0,0,0,2,0,0,0,0,0,0,0,0,0,0,0,0,0,0,0,0,0,0,0,0,1,confusion,neutral
12,ee55ifh,"You're being a total narc, bro. You're so narcoleptic.",0,0,0,2,0,0,0,0,0,1,0,1,0,0,0,0,0,0,0,0,0,0,0,0,0,0,0,0,annoyance,negative
13,efa4jnz,Ya I have rain barrels out in the region and it's crazy how dry this winter has been. Totally abnormal.,0,1,0,0,0,0,0,0,0,0,0,0,0,0,0,0,0,0,0,0,0,0,0,0,0,0,0,2,neutral,neutral
14,edjqq6q,"""Sign our petition to make Qwandor the dragon a male! There are already enough girl characters. We don't need a third!""",0,0,1,0,1,0,0,0,0,1,2,0,0,0,0,0,0,0,0,0,0,0,0,0,0,0,0,1,disapproval,negative
15,eczrr0o,"""And, over here Sir we have the automatic folding model. It is quite remarkable.""",3,0,0,0,0,0,0,0,0,0,0,0,0,0,0,0,0,0,0,0,0,0,0,0,0,0,0,0,admiration,positive
16,eepyqui,"I just heard about this, its pretty cool. ",3,1,0,0,3,0,0,0,0,0,0,0,0,0,0,0,0,0,0,0,0,0,0,0,0,0,0,0,admiration,positive
17,eepi6ql,I like the airpod memes other than that haven’t tried them so can’t say for sure,0,0,0,0,0,0,0,0,0,0,0,0,0,0,0,0,0,0,2,0,0,0,0,0,0,0,0,0,love,positive
18,efap5x1,Oh you sweet summer child. She's a cop. She's not getting convicted for anything. A year from now she'll have her job back.,0,1,0,1,1,1,0,0,1,1,0,0,0,0,0,0,0,0,0,0,0,0,1,0,0,0,0,1,amusement,positive
19,edur1fe,"In the wild, it’s expected that something unexpected will always happen i guess ",0,0,0,0,1,0,0,0,0,0,0,0,0,0,0,0,0,0,0,0,3,0,0,0,1,0,0,0,optimism,positive
20,edxsnxs,Oh [NAME] it's [NAME] against dinosaurs again,0,0,0,3,0,0,0,0,0,1,1,0,0,0,1,0,0,0,0,0,0,0,0,0,0,0,0,0,annoyance,negative
21,efaqexv,I like it,0,0,0,0,1,0,0,0,0,0,0,0,0,0,0,0,0,0,2,0,0,0,0,0,0,0,0,0,love,positive
22,edlycv3,So that’s why all of the lab work I get takes so long....,0,0,0,0,1,0,0,0,0,0,0,0,0,0,0,0,0,0,0,0,0,0,0,0,0,0,0,2,neutral,neutral
23,edmfvkc,"This is a test, now YOU have to give away that gold. Your donor was a cruel benefactor. ",0,0,2,0,0,0,0,0,0,0,0,1,0,0,0,0,0,0,0,0,0,0,1,0,0,0,0,0,anger,negative
24,edle31y,I HEARD SOMEONE SAID THE F WORD,0,0,0,0,0,0,0,0,0,0,0,1,0,0,0,0,0,0,0,0,0,0,0,0,0,0,0,2,neutral,neutral
25,ediyzgi,"That's pretty good all things considered, if they want to maintain that, they really need to get a patch out ASAP",3,0,0,0,2,1,0,0,0,0,0,0,0,0,0,0,0,0,0,0,2,0,0,0,0,0,0,0,admiration,positive
26,ef8ertc,"If they are suffering immense pain, I doubt watching Endgame is high on their list of priorities",0,0,0,0,0,0,2,0,0,1,0,0,0,0,0,0,0,0,0,0,0,0,0,0,0,0,0,1,confusion,neutral
27,efe9siv,"She's 17. Let her brag about cool visual effects, yikes",1,0,0,0,0,0,0,0,1,0,0,0,0,0,0,0,0,0,0,0,0,0,1,0,0,0,1,1,admiration,positive
28,eejwst3,"I enjoyed hardcore mode much, much more than regular mode in BF4. More realistic",1,1,0,0,0,0,0,0,0,0,0,0,0,0,0,0,0,2,0,0,0,0,0,0,0,0,0,0,joy,positive
29,edmb2ug,Get a ride to heaven. You think [NAME] wants to pedal that far!,0,1,0,0,0,0,0,1,0,0,0,0,0,0,0,0,0,0,0,0,0,0,0,0,0,0,1,2,neutral,neutral
30,edvnypa,"I would applaud, but a polite golf clap seems more appropriate. Well done. 👏 👏 ",3,0,0,0,2,0,0,0,0,0,0,0,0,0,0,0,0,0,0,0,2,0,0,0,0,0,0,0,admiration,positive
31,edj7vcj,People done be ignorant,0,0,0,1,0,0,0,0,0,1,2,1,0,0,0,0,0,0,0,0,0,0,0,0,0,0,0,0,disapproval,negative
32,efddjgj,"[NAME] will be gone. Although I think end of the first is where he should go, he will go super early",2,0,0,0,0,0,0,0,0,0,0,0,0,0,0,0,0,0,0,0,2,0,0,0,0,0,0,1,admiration,positive
33,edx1zak,"Keeps people from talking to me as much, so in fact I DO need them.",0,0,0,0,0,0,0,0,0,0,0,0,0,0,0,0,0,0,0,0,0,0,0,0,0,0,0,3,neutral,neutral
34,eec2nfx,Time goes fast so this 43 years relation must feels like if it was yesterday!,0,0,0,0,0,0,0,0,0,0,0,0,0,0,0,0,0,0,0,0,0,0,1,0,0,0,0,2,neutral,neutral
35,ee5ceh7,"Grew up in the south. When I left for college, I was very confused why people were walking around with smudges on their foreheads for Ash Wednesday.",0,0,0,0,0,0,3,1,0,0,0,0,0,0,0,0,0,0,0,0,0,0,0,0,0,0,1,0,confusion,neutral
36,eenzn07,"No it's propaganda we because r/politics only presents info, true or (usually) or otherwise info that is designed to hurts conservatives and help liberals. Propaganda",0,0,0,0,0,0,0,0,0,1,0,0,1,0,0,0,0,0,0,0,0,0,0,0,0,2,0,1,sadness,negative
37,edwd6lw,Honestly- my period stopping is one of my favorite “old lady” things! Ha!,2,0,0,0,0,0,0,0,0,0,0,0,0,0,0,0,0,0,0,0,0,0,0,0,0,0,0,1,admiration,positive
38,eezpase,Turbo the Turtle,0,0,0,0,0,0,0,0,0,0,0,0,0,0,0,0,0,0,0,0,0,0,0,0,0,0,0,2,neutral,neutral
39,eeplyyc,The amount of Islamophobic media bias is disturbing.,0,0,0,2,0,0,0,0,0,2,0,0,0,0,0,0,0,0,0,1,0,0,0,0,0,0,0,1,annoyance,negative
40,edcnjz9,Congrats! Glad it went well for you!,3,0,0,0,0,0,0,0,0,0,0,0,0,0,0,3,0,2,0,0,0,1,0,0,0,0,0,0,admiration,positive
41,edu5d51,Can I stay with you if I fly down next season?,0,0,0,0,0,0,1,0,0,0,0,0,0,0,0,0,0,0,0,0,0,0,0,0,0,0,0,2,neutral,neutral
42,efgof63,Whatever happened to the three body movie?,0,0,0,0,0,0,0,1,0,0,0,0,0,0,0,0,0,0,0,0,0,0,0,0,0,0,0,2,neutral,neutral
43,ed9mue6,Be brave. You have our support,0,0,0,0,1,2,0,0,1,0,0,0,0,0,0,0,0,0,0,0,0,0,0,0,0,0,0,1,caring,positive
44,edlodyl,That guy is just eating downvotes left and right,0,0,0,1,0,0,0,0,0,0,1,0,0,0,0,0,0,0,0,0,0,0,0,0,0,0,1,2,neutral,neutral
45,edosi10,So that’s what it looks like when it’s not a flop,0,0,0,0,1,0,0,0,0,0,1,0,0,0,0,0,0,0,0,0,2,0,0,0,0,0,0,1,optimism,positive
46,eegwd1b,"Right, but their wages *are* lower *because* they get tipped.",0,0,0,0,0,0,0,0,0,0,0,0,0,0,0,0,0,0,0,0,0,0,0,0,0,0,0,2,neutral,neutral
47,ef3c7mp,"Dear [NAME], please help [NAME] be less disgusting. Amen.",0,0,0,0,0,1,0,0,1,0,0,2,0,0,0,1,0,0,0,0,1,0,0,0,0,0,0,0,disgust,negative
48,ed2rv9z,Nothin worse that doin the smooth criminal to be able to piss in the toilet,0,0,2,3,0,0,0,0,0,0,0,1,0,0,0,0,0,0,0,0,0,0,0,0,0,0,0,0,annoyance,negative
49,eevcg8b,"Run the addresses through the property records. If the mailing address of owner ain't local, they its a lie. ",0,0,1,1,0,0,0,0,0,0,1,0,0,0,0,0,0,0,0,1,1,0,0,0,0,0,0,0,anger,negative
50,eezho86,There it is! Just the facts! I take it you are a PragerU man.,0,0,0,0,1,0,0,0,0,0,0,0,0,0,0,0,0,0,0,0,0,0,0,0,0,0,0,2,neutral,neutral
51,edhj7d4,That ending made me so fucking happy. Fuck that guy. Congrats to you.,2,1,0,0,0,0,0,0,0,0,0,0,0,0,0,1,0,2,0,0,0,0,0,0,0,0,0,0,admiration,positive
52,edhrhcb,And why didn’t Connecticut improve as well?,0,0,0,0,0,0,0,2,1,0,0,0,0,0,0,0,0,0,0,0,0,0,0,0,0,0,0,0,curiosity,neutral
53,edlchg4,"Oh hey, the actual answer",0,0,0,0,0,0,0,0,0,0,0,0,0,0,0,0,0,0,0,0,1,0,1,0,0,0,1,1,optimism,positive
54,edtd94z,I really felt for this mother. You could tell how frustrated and exasperated she was. Glad she was there to stand up for her kids.,1,0,0,0,0,0,0,0,0,0,0,0,0,0,0,0,0,1,0,0,0,0,0,1,0,2,0,0,sadness,negative
55,eeddxes,I actually have an odd feeling the game will become even more fun than before.,0,1,0,0,0,0,0,0,0,0,0,0,0,2,0,0,0,0,0,0,0,0,0,0,0,0,0,0,excitement,positive
56,eeagyz6,This makes me smile!,0,0,0,0,0,0,0,0,0,0,0,0,0,0,0,0,0,3,0,0,0,0,0,0,0,0,0,0,joy,positive
57,ed0xfyo,His whole point is that he doesn't have to give a damn about others or how they feel.,0,0,0,1,0,1,0,0,0,0,1,0,0,0,0,0,0,0,0,0,0,0,0,0,0,0,0,2,neutral,neutral
58,edgb2nm,Ahhh more and more selfish,0,0,2,1,0,0,0,0,0,1,0,0,1,0,0,0,0,0,0,0,0,0,0,0,0,0,0,0,anger,negative
59,edboetl,"Yo creep, please get help!",0,0,0,0,0,2,0,0,1,0,0,0,0,0,0,0,0,0,0,0,0,0,0,0,0,0,0,0,caring,positive
60,eeat82c,"Damn, I'd better avoid you then. I don't wanna die.",0,0,0,2,0,0,0,0,0,0,2,0,0,0,1,0,0,0,0,0,0,0,0,0,0,0,0,0,annoyance,negative
61,edc52sh,"See, the problem is that you're not attractive enough. Pretty people like him don't have mental issues.",0,1,0,0,0,0,0,0,0,0,0,0,0,0,0,0,0,0,0,0,0,0,0,0,0,0,0,2,neutral,neutral
62,edzcuh0,He doesn't seem like he has all the facts straight,0,0,0,0,0,0,0,0,0,0,1,0,0,0,0,0,0,0,0,0,0,0,0,0,0,0,0,2,neutral,neutral
63,eda2ojj,Sick burn. I like it.,2,0,0,0,0,0,0,0,1,0,0,0,0,0,0,0,0,0,0,0,0,0,0,0,0,0,0,0,admiration,positive
64,ed1365h,This is what they're addressing when [NAME] is asking if it was OK to kill the step dad.,0,0,0,0,1,0,0,0,0,0,0,0,0,0,0,0,0,0,0,0,0,0,0,0,0,0,0,2,neutral,neutral
65,ed4h3e7,Dallas should feel absolutely horrible this is a 1 goal game given how patheticallly bad the Devils are tonight.,0,0,0,2,0,0,0,0,0,1,0,0,0,0,0,0,0,0,0,0,0,0,0,0,0,1,0,0,annoyance,negative
66,eemsbb0,I'm so proud to be british,0,0,0,0,1,0,0,0,0,0,0,0,0,0,0,0,0,0,0,0,0,2,0,0,0,0,0,0,pride,positive
67,ee3mda6,i dunno it just seems like a really dumb thing to do?,0,0,0,0,0,0,0,0,0,0,0,0,0,0,0,0,0,0,0,0,0,0,0,0,0,0,0,3,neutral,neutral
68,ef124u8,"Fiend! Take a good look at this silver cross, for it will be last thing you'll see of me and [NAME]!",0,0,0,1,0,0,0,0,0,0,0,0,0,0,1,0,0,0,0,0,0,0,0,0,0,1,0,2,neutral,neutral
69,ee78nq2,"I'd give you a shovel so you could dig your head out of the sand, but I have a feeling you'd refuse.",0,0,0,2,0,0,0,0,0,0,0,0,0,0,0,0,0,0,0,0,0,0,0,0,0,0,0,0,annoyance,negative
70,ee2vq00,No need to be sorry if you are seeking to leave ignorance. The only bad thing an ignorant person can do is willfully and knowingly stay ignorant,0,0,0,0,1,0,0,0,0,0,1,0,0,0,0,0,0,0,0,0,0,0,0,0,1,0,0,1,approval,positive
71,edwq4af,We haven't seen him play since last split. I don't know what growth he could possibly be talking about...,0,0,0,0,0,0,0,0,0,0,0,0,0,0,0,0,0,0,0,0,0,0,1,0,0,0,0,2,neutral,neutral
72,eetgf12,Man it was that long since the [NAME] days? Damn time flies,0,0,0,1,0,0,0,0,0,0,0,0,0,0,0,0,0,0,0,0,0,0,0,0,0,0,0,2,neutral,neutral
73,edo5i2h,So now disabled people don’t have rights . You get worse .,0,0,2,0,0,0,0,0,0,2,0,0,0,0,0,0,0,0,0,0,0,0,0,0,0,0,0,1,anger,negative
74,edrfdvf,"Well he's a mod here, so he can get away with this shit.",0,0,0,1,0,0,0,0,0,0,0,0,0,0,0,0,0,0,0,0,0,0,0,0,0,0,0,2,neutral,neutral
75,eedgyge,Ech even if he wanted to just be friends i dont think its okay to just ignore you like that. I think you dodged a bullet.,0,0,0,0,0,0,0,0,0,0,0,0,0,0,0,0,0,0,0,0,0,0,1,0,0,0,0,2,neutral,neutral
76,eeur211,"Between POM, Mata and Stockdale for me",0,0,0,0,0,0,0,0,0,0,0,0,0,0,0,0,0,0,0,0,0,0,0,0,0,0,0,3,neutral,neutral
77,edqfwi0,Damn straight.,0,0,2,0,1,0,0,0,0,0,0,0,0,0,0,0,0,0,0,0,0,0,0,0,0,0,0,2,anger,negative
78,eepiz2e,Who's we? Because a lot of people on your side don't seem to want that.,0,0,0,0,0,0,2,1,0,0,0,0,0,0,0,0,0,0,0,0,0,0,0,0,0,0,0,1,confusion,neutral
79,ee62ydl,I’m sorry for your loss bro ❤️,0,0,0,0,0,0,0,0,0,0,0,0,0,0,0,1,2,0,0,0,0,0,0,0,0,1,0,0,grief,negative
80,efdvist,All he's getting from that experience is the opportunity to pay a fine to the gubment.,0,0,0,0,1,0,0,0,0,0,0,0,0,0,0,0,0,0,0,0,0,0,0,0,0,0,0,2,neutral,neutral
81,efgoqnm,My t levels are normal. Doctor thinks its my low carb diet but I dont buy that,0,0,0,0,1,0,1,0,0,0,2,0,1,0,0,0,0,0,0,0,0,0,0,0,0,0,0,0,disapproval,negative
82,ef12dgc,I'll be honest - I just want new stories. Not prequels. Doing things in the past are just too limiting with storytelling.,0,0,0,0,2,0,0,0,1,0,1,0,0,0,0,0,0,0,0,0,0,0,0,0,0,0,0,0,approval,positive
83,ee13r2z,Genuinely laughed really hard,0,5,0,0,0,0,0,0,0,0,0,0,0,0,0,0,0,0,0,0,0,0,0,0,0,0,0,0,amusement,positive
84,ed9auy9,"Oh man, what was the name of that show. It feels so familiar. Haven't watched MTV in, I don't know, 15 years? ",0,0,0,0,0,0,0,2,0,0,1,0,0,0,0,0,0,0,0,0,0,0,0,0,0,0,1,1,curiosity,neutral
85,edqiqgk,Isn't this kind of what America is all about,0,0,0,0,0,0,0,1,0,0,0,0,0,0,0,0,0,0,0,0,0,0,0,0,0,0,0,2,neutral,neutral
86,efdygcn,[NAME] is an awesome film school...not surprised this came from Dodge,2,0,0,0,1,0,0,0,0,0,0,0,0,0,0,0,0,0,0,0,0,0,0,0,0,0,0,0,admiration,positive
87,edgxmzh,"I, for one, am glad you didn’t. Happy you’re still with us ",1,0,0,0,0,0,0,0,0,0,0,0,0,1,0,0,0,2,0,0,0,0,0,0,0,1,0,0,joy,positive
88,ef3wb5x,And suddenly the UK join doesn't look so bad.,0,0,0,0,2,0,0,0,0,1,0,0,0,0,0,0,0,0,0,0,0,0,1,0,0,0,0,1,approval,positive
89,edol5a3,"Noooo. I seriously did not know that. Yes, mind blown. ",0,0,0,0,0,0,1,0,0,0,2,0,0,0,0,0,0,0,0,1,0,0,0,0,0,0,2,0,disapproval,negative
90,eeuwb8o,Sure! You had my curiosity; now you have my attention...,0,0,0,0,0,1,0,3,0,0,0,0,0,0,0,0,0,0,0,0,0,0,0,0,0,0,0,0,curiosity,neutral
91,eer7hdx,"The sick stomach feeling should pass in an hour or two, good luck friend!",0,0,0,0,1,2,0,0,0,0,0,0,0,0,0,0,0,0,0,0,0,0,0,0,0,0,0,0,caring,positive
92,eedr9h3,"It's funny cause you say socialists have an ""ignorance of economics"" while posting on an anarcho-capitalist sub :) I think you clearly fundamentally misunderstand socialism. ",0,2,0,0,0,0,0,0,0,0,0,0,0,0,0,0,0,1,0,0,0,0,0,0,0,0,0,0,amusement,positive
93,ef54haa,I just enjoy feasting off tears ....mmmmm,0,0,0,0,0,0,0,0,0,0,0,0,0,0,0,0,0,2,0,0,0,0,0,0,0,0,0,1,joy,positive
94,eeu6ikb,"For unrelated reasons, school is another mess. But vaccine injury in definitely represented through absurd levels of special ed. ",0,0,0,1,0,0,0,0,0,0,0,0,0,0,0,0,0,0,0,0,0,0,0,0,0,0,0,2,neutral,neutral
95,ed4zhad,Ok I'm pretty sure [NAME] has been part of the main cast since episode 1...,1,0,0,0,0,0,0,0,0,0,0,0,0,0,0,0,0,0,0,0,0,0,0,0,0,0,0,2,neutral,neutral
96,edkdcgk,I'm happy I live in a country where machete attacks don't have to be a real concern.,0,0,0,0,0,0,0,0,0,0,0,0,0,0,0,0,0,5,0,0,0,0,0,1,0,0,0,0,joy,positive
97,ef1w1gq,Driving drunk and killing people is where it stops,0,0,0,0,0,0,0,0,0,0,1,0,0,0,0,0,0,0,0,0,0,0,0,0,0,0,0,2,neutral,neutral
98,eejaac2,I'm know Ashtabula. I'm from Lorain. That's cool that the company got bigger though.,3,0,0,0,3,0,0,0,0,0,0,0,0,0,0,0,0,0,0,0,0,0,1,0,0,0,0,1,admiration,positive
99,eeu92hs,Reporters shouldn’t be afraid of governments - governments should be afraid of reporters.,0,0,0,0,0,0,0,0,0,0,0,0,0,0,2,0,0,0,0,0,0,0,0,0,0,0,0,1,fear,negative
100,edki6vb,That's even worse honestly,0,0,2,2,0,0,0,0,0,0,0,1,1,0,0,0,0,0,0,0,0,0,0,0,0,0,0,0,anger,negative
101,edmrrhs,But I promise “it’s only something other people do”.,0,0,0,0,0,0,0,0,0,0,0,0,0,0,0,0,0,0,0,0,1,0,0,0,0,0,0,3,neutral,neutral
102,eebteqb,"You know, you make inroads, do 5 points better each time. Few cycles down the lane you have a tossup on your hands.",0,0,0,0,0,1,0,0,0,0,0,0,0,0,0,0,0,0,0,0,0,0,0,0,0,0,0,2,neutral,neutral
103,eemexys,"It's like calling a snake a ""danger noodle"" or a hedgehog an ""ouchy mouse"". It's just like a silly thing",0,0,0,1,0,0,0,0,0,0,0,0,0,0,1,0,0,0,0,0,0,0,0,0,0,0,0,2,neutral,neutral
104,edxtho8,Pulled from IG. IDK where it originated so no credit given. It's just making the rounds.,0,0,0,0,0,0,0,0,0,0,0,0,0,0,0,0,0,0,0,0,0,0,1,0,0,0,0,2,neutral,neutral
105,ed4825m,Juul is heavy vapor. Idk how to describe it but i didnt feel like that when i used other juices,0,0,0,0,0,0,2,1,0,0,0,0,0,0,0,0,0,0,0,0,0,0,1,0,1,0,0,0,confusion,neutral
106,ee7vnwt,He just have to beat em. I only have him @ 5 because he just got there & I don't really count the horn/Benavidez fight.,0,0,0,0,0,0,0,0,0,1,1,0,0,0,0,0,0,0,0,0,0,0,0,0,0,0,0,3,neutral,neutral
107,efh118v,"It’s not about the money, it’s all about the love of the game.",0,0,0,1,0,0,0,0,0,0,0,0,0,0,0,0,0,0,1,0,0,0,2,0,0,0,0,1,realization,neutral
108,eeny76q,I was flabbergasted when I saw it.,0,0,0,0,0,0,0,0,0,0,0,0,0,0,0,0,0,0,0,0,0,0,0,0,0,0,3,0,surprise,neutral
109,edvyuv9,I don't follow him but I don't see a problem if he wants to do that. Maybe he's just inquisitive.,0,0,0,1,2,0,1,0,0,0,1,0,0,0,0,0,0,0,0,0,1,0,0,0,0,0,0,1,approval,positive
110,edxs7yp,I have tried and succeeded. You’ve just had bad luck my friend.,0,0,0,0,0,0,0,0,0,1,2,0,0,0,0,0,0,0,0,0,0,0,0,0,0,1,0,1,disapproval,negative
111,ed4s2u6,a lot. It's like I'm witnessing firsthand all of the unpleasant symptoms of being pregnant,0,0,0,1,0,0,0,0,0,0,0,0,0,1,0,0,0,1,0,1,0,0,1,0,0,0,0,1,annoyance,negative
112,edukkkm,Being misunderstood really is the worst thing ever! I’m sorry some people are so unkind.,0,0,0,1,0,1,0,0,0,2,0,0,0,0,0,0,0,0,0,0,0,0,0,0,1,2,0,0,disappointment,negative
113,edozypw,"Every time I get a staff kill, it feels like seeing a shooting star <3 Yeah, it definitely sucks.",0,0,1,0,0,0,0,0,0,0,0,2,0,1,0,0,0,0,0,0,0,0,0,0,0,0,0,0,disgust,negative
114,eeqwdr4,Well thank you for all that you are doing. Have you considered becoming a dispatcher too while you are at it? Haha,0,2,0,0,0,0,0,2,0,0,0,0,0,0,0,3,0,0,0,0,0,0,0,0,0,0,0,0,gratitude,positive
115,ef9fca7,Ghosting sucks and is rarely excusable.,0,0,1,1,0,0,0,0,0,0,0,1,0,0,0,0,0,0,0,0,0,0,0,0,0,1,0,1,anger,negative
116,edy3oex,"The street drugs here are laced with fentanyl, i think I’ll do something else",0,0,0,0,0,0,2,0,0,0,0,0,0,0,0,0,0,0,0,0,0,0,0,0,0,0,0,1,confusion,neutral
117,eeoua2j,Very good post brother you hit the nail on the head. It is unfortunate that people downvote this post to the bottom when you explain so well.,2,0,0,0,0,0,0,0,0,0,0,0,0,1,0,0,0,0,0,0,0,0,0,0,1,1,0,0,admiration,positive
118,ed85pwj,It's on netflix,0,0,0,0,0,0,0,0,0,0,0,0,0,0,0,0,0,0,0,0,0,0,0,0,0,0,0,3,neutral,neutral
119,eebq0g8,check your DM,0,0,0,0,1,0,0,0,0,0,0,0,0,0,0,0,0,0,0,0,0,0,0,0,0,0,0,2,neutral,neutral
120,edlcm9w,"Strangely enough, the major news orgs didn't go out of their way to publicize it.",0,0,0,0,0,0,1,0,0,0,0,0,1,0,0,0,0,0,0,0,0,0,1,0,0,0,0,3,neutral,neutral
121,ediormf,SUCH A NICE GUY.,5,0,0,0,1,0,0,0,0,0,0,0,0,0,0,0,0,0,0,0,0,0,0,0,0,0,0,0,admiration,positive
122,ed39ygu,Sounds like a great start to 2019! Congrats and good vibes to you💜,1,0,0,0,1,1,0,0,0,0,0,0,0,1,0,1,0,0,1,0,0,0,0,0,0,0,0,0,admiration,positive
123,edrka02,Did he use his full title when he introduced himself. Cause that would be sweet,1,0,0,0,0,0,0,1,0,0,0,0,0,0,0,0,0,0,0,0,0,0,0,0,0,0,0,3,neutral,neutral
124,edg3atf,You gotta watch with subtitles IMO. The dubbed English version looks and sounds ridiculous.,0,0,0,0,0,0,0,0,0,2,0,0,0,0,0,0,0,0,0,0,0,0,1,0,0,0,0,0,disappointment,negative
125,efeyyqo,Actually that's the wrong guy. The guy you're thinking of is in prison now facing life. This guy sucks just as bad though..,0,0,0,0,0,0,0,0,0,0,2,1,0,0,0,0,0,0,0,0,0,0,0,0,0,0,0,0,disapproval,negative
126,edpk69q,Did you know that [NAME] got shot in the head while shooting AND HE KEPT ACTING,3,0,0,0,0,0,0,0,0,0,0,0,0,0,0,0,0,0,0,0,0,0,0,0,0,0,0,0,admiration,positive
127,eem10lg,Imagine what kinda bitter person you'd have to be to seek out that sub anyway. You've basically lost as soon as you in there.,0,0,0,1,0,0,1,0,0,0,0,0,0,0,0,0,0,0,0,1,0,0,0,0,0,0,0,2,neutral,neutral
128,edx3px0,I get scared just reading your flair,0,0,0,0,0,0,0,0,0,0,0,0,0,0,3,0,0,0,0,0,0,0,0,0,0,0,0,0,fear,negative
129,ee4rcjf,Rover has treated us well.,0,0,0,0,0,2,0,0,0,0,0,0,0,0,0,0,0,0,0,0,1,0,0,0,0,0,0,0,caring,positive
130,eewswat,"Haha, only one species. More the Cockatoos",0,3,0,0,0,0,0,0,0,0,0,0,0,0,0,0,0,0,0,0,0,0,0,0,0,0,0,0,amusement,positive
131,ed9lxkt,I've been thinking about you today. I hope you are still here.,0,0,0,0,0,0,0,0,0,0,0,0,0,0,0,0,0,0,0,0,1,0,0,0,0,0,0,2,neutral,neutral
132,ed5ph3r,Franchise QB's are leaders who set the tone for the entire lockerroom. [NAME] is a terrible leader.,2,0,0,1,0,0,0,0,0,0,0,1,0,0,1,0,0,0,0,0,0,0,0,0,0,0,0,1,admiration,positive
133,edtfpej,"I’ll give it a shot. Thanks for the alert. If this sub consistently hates it, it can’t be that bad.",0,0,1,0,0,0,0,0,0,0,0,0,0,0,0,3,0,0,0,0,0,0,0,0,0,0,0,0,gratitude,positive
134,effw6qi,Disgusting. Need to get the tooth hole fixed😂,0,0,0,0,0,0,0,0,0,0,0,3,0,0,0,0,0,0,0,0,0,0,0,0,0,0,0,0,disgust,negative
135,edfe2bd,People love him on Yelp:-),1,0,0,0,0,0,0,0,1,0,0,0,0,0,0,0,0,1,3,0,0,0,0,0,0,0,0,0,love,positive
136,ed70uxs,That's right nearby. Thanks!,0,0,0,0,0,0,0,0,0,0,0,0,0,0,0,3,0,0,0,0,0,0,0,0,0,0,0,0,gratitude,positive
137,edzv37n,Patriots need a scape goat cause it ain't going to be [NAME],0,0,0,0,0,0,0,0,0,0,0,0,0,0,0,0,0,0,0,0,0,0,0,0,0,0,0,3,neutral,neutral
138,edsr92j,Fear of awkward and inconvenient encounters. What can he do to you?,0,0,0,0,0,1,0,1,0,0,0,0,2,0,2,0,0,0,0,0,0,0,0,0,0,0,0,2,embarrassment,negative
139,ef8d4ag,dude stop your gonna make me cry. This is horrible please don't do this STOP right now. Dont it's just not worth it,0,0,0,0,0,0,0,0,0,0,1,0,0,0,2,0,0,0,0,1,0,0,0,0,0,1,0,1,fear,negative
140,eczukzw,"""No"" is the complete sentence I will use for this exercise.",0,0,0,0,0,0,0,0,0,0,2,0,0,0,0,0,0,0,0,0,0,0,0,0,0,0,0,1,disapproval,negative
141,eenpruk,Wait is this the original template where all the satire comes from?,0,1,0,0,0,0,1,1,0,0,0,0,0,0,0,0,0,0,0,0,0,0,0,0,0,0,0,2,neutral,neutral
142,edkvpla,good luck. I'm hoping to get hrt this year and be a girl for my senior year.,0,0,0,0,0,0,0,0,2,0,0,0,0,0,0,0,0,0,0,0,2,0,0,0,0,0,0,0,desire,positive
143,edop87z,"starters gone cold , put in the bench and see what happens",0,0,0,0,0,0,0,0,1,0,0,0,0,0,0,0,0,0,0,0,0,0,0,0,0,0,0,4,neutral,neutral
144,ee9mvji,I have a deep seeded hatred for close-minded people too.,0,0,2,1,0,0,0,0,0,0,1,2,0,0,0,0,0,0,0,0,0,0,0,0,0,0,0,2,anger,negative
145,eevekjz,That's not a denial 🤔,0,0,0,0,0,0,0,0,0,0,3,0,0,0,0,0,0,0,0,0,0,0,0,0,0,0,0,0,disapproval,negative
146,eecjlgc,Prove me wrong then. Find another poll that supports your narrative. Until that point my source is what we have to go by.,0,0,0,1,1,0,0,0,0,0,0,0,0,0,0,0,0,0,0,0,0,0,0,0,0,0,0,2,neutral,neutral
147,eersbyx,"Sorry, [NAME], but [NAME] beat you to it.",0,0,0,0,0,0,0,0,0,0,0,0,0,0,0,0,0,0,0,0,0,0,0,0,1,0,0,2,neutral,neutral
148,eekmvcz,Worst case scenario here is he dodged a psychopathic bullet.,0,0,1,0,0,0,0,0,0,0,0,2,0,0,0,0,0,0,0,0,0,0,0,0,0,0,0,0,disgust,negative
149,eepcvze,Real nice guys are just kind people.,3,0,0,0,0,0,0,0,0,0,0,0,0,0,0,0,0,0,0,0,0,0,0,0,0,0,0,0,admiration,positive
150,ee618dn,I miss old [NAME],0,0,0,0,0,0,0,0,0,2,0,0,0,0,0,0,0,0,1,0,0,0,0,0,0,1,0,1,disappointment,negative
151,ee2msue,That would be very cool and a nice non-HP bar visualization.,2,0,0,0,0,0,0,0,0,0,0,0,0,0,0,0,0,0,0,0,1,0,0,0,0,0,0,2,admiration,positive
152,edchgvs,Yep completely bc no kids ever liked to draw. Definitely me.,0,0,0,1,0,0,0,0,0,1,1,0,0,0,0,0,0,0,0,0,0,0,0,0,0,0,0,2,neutral,neutral
153,ef12vos,Hell yeah! I can't wait for the rust to break off and for people to be as excited as they were years ago.,0,1,0,0,1,0,0,0,0,0,0,0,0,2,0,0,0,0,0,0,0,0,1,0,0,0,1,0,excitement,positive
154,ee45v47,"Unpack it, spread it around, share your fatphobia with everyone!",0,0,0,0,0,0,0,0,0,0,0,0,0,0,0,0,0,0,0,0,0,0,0,0,0,0,0,3,neutral,neutral
155,ef09iur,Your patience to find the perfect moment is... Please just let me slow clap.,2,0,0,2,0,0,0,0,0,0,0,0,0,0,0,0,0,0,0,0,0,0,0,0,0,0,0,0,admiration,positive
156,edoj4zl,[NAME] is letting [NAME] play 3 :0. That is good news.,2,0,0,0,1,0,0,0,0,0,0,0,0,0,0,0,0,3,0,0,0,0,0,0,0,0,0,0,joy,positive
157,eelmdzk,Its distasteful to complain about male-dominated space like stem? **pearl clutching intensifies**,0,0,1,1,0,0,0,0,0,0,2,1,0,0,0,0,0,0,0,0,0,0,0,0,0,0,0,1,disapproval,negative
158,eddtpy1,Lol still makes me laugh,0,2,0,0,0,0,0,0,0,0,0,0,0,0,0,0,0,1,0,0,0,0,0,0,0,0,0,0,amusement,positive
159,ee8nohj,"Police can amend docs, they can’t change them. Even if it’s a name",0,0,0,0,2,0,0,0,0,0,1,0,0,0,0,0,0,0,0,0,0,0,0,0,0,0,0,0,approval,positive
160,edyivxq,Reality is often disappointing,0,0,0,0,0,0,0,0,0,1,0,0,0,0,0,0,0,0,0,0,0,0,0,0,0,2,0,0,sadness,negative
161,edk9n1s,I'm surprised [NAME] hasn't had a chance to be called up,0,0,0,0,0,0,0,0,0,0,0,0,0,0,0,0,0,0,0,0,0,0,0,0,0,0,3,0,surprise,neutral
162,ee76art,"I wonder if, as an added bonus, [NAME] ended the cameo with a dic pic. ",0,0,0,0,0,0,0,0,0,0,0,0,0,0,0,0,0,0,0,0,0,0,1,0,0,0,2,0,surprise,neutral
163,eef3d4f,"Cool, Ill check it out. Thanks",0,0,0,0,1,0,0,0,0,0,0,0,0,0,0,3,0,0,0,0,0,0,0,0,0,0,0,0,gratitude,positive
164,ed1wnta,oof ok. shawn is pretty hot but I'm still tom dude imo,0,0,0,0,1,0,0,0,0,0,0,0,0,0,0,0,0,0,0,0,0,0,0,0,0,0,0,2,neutral,neutral
165,edkmo43,I've removed your post. You can create a new post with the link.,0,0,0,0,0,0,0,0,0,0,0,0,0,0,0,0,0,0,0,0,1,0,0,0,0,0,0,2,neutral,neutral
166,ed361fr,This is not a good formation. We’ve been over this. It just ends up being crossed lobbed into the box by [NAME],0,0,0,1,0,0,0,0,0,0,2,0,0,0,0,0,0,0,0,0,0,0,0,0,0,0,0,0,disapproval,negative
167,edajeqf,I want to be a sister ♥️ I have lots of nail polish I'll help!!,0,0,0,0,0,2,0,0,2,0,0,0,0,0,0,0,0,0,1,0,0,0,0,0,0,0,0,0,caring,positive
168,ed0z7bx,i just hope both teams are having fun :),0,1,0,0,1,0,0,0,2,0,0,0,0,0,0,0,0,1,0,0,0,0,0,0,0,0,0,1,desire,positive
169,ef1ssr1,"[NAME] I didn't know this reddit, the comments are wonderful.",3,0,0,0,0,0,0,0,0,0,0,0,0,0,0,0,0,0,0,0,0,0,1,0,0,0,0,0,admiration,positive
170,eerln9p,"Oh, you're completely right. I'm an idiot. I'll be here eating my words.",0,0,0,2,2,0,0,0,0,0,0,1,0,0,0,0,0,0,0,0,0,0,0,0,0,0,0,0,annoyance,negative
171,edw5aj2,"Men find that attractive because it's distinctly feminine. Well, let me add, women who love women love it for the same reason. ",0,0,0,0,0,0,0,0,0,0,0,0,0,0,0,0,0,0,2,0,0,0,0,0,0,0,0,1,love,positive
172,edxnzsf,Are you joking??????,0,2,0,0,0,0,2,0,0,0,0,0,0,0,0,0,0,0,0,0,0,0,0,0,0,0,0,1,amusement,positive
173,efbbun9,I believe that people with the disease give it a chance to mutate when around people who are vaccinated,0,0,0,0,1,0,0,0,0,0,0,0,0,0,0,0,0,0,0,0,1,0,2,0,0,0,0,1,realization,neutral
174,edfeudx,"I wish they can a option to change it back after the ""upgrade"" because it feels more like a downgrade",0,0,0,0,0,0,0,0,1,0,0,0,0,0,0,0,0,0,0,0,2,0,0,0,0,0,0,0,optimism,positive
175,edt1iwl,The one with the hot honey is also fantastic. Touch of heat and just a hint of sweet. Good food.,3,0,0,0,1,0,0,0,0,0,0,0,0,0,0,0,0,1,0,0,0,0,0,0,0,0,0,0,admiration,positive
176,eempzs6,"I feel like I say this a lot but I wish we'd run the mudiay frank back court more, I like their chemistry together",1,0,0,0,0,0,0,0,3,0,0,0,0,0,0,0,0,0,2,0,0,0,0,0,0,0,0,0,desire,positive
177,edx5aiy,What's the cringe?,0,0,0,0,0,0,2,3,0,0,0,1,0,0,1,0,0,0,0,0,0,0,0,0,0,0,0,0,curiosity,neutral
178,edsuk7y,If only that were true,0,0,0,0,0,0,0,0,0,0,0,0,0,0,0,0,0,0,0,0,0,0,0,0,0,0,0,3,neutral,neutral
179,ef2mpf8,"Wow dad, you took a baptismal for me",1,0,0,0,0,0,0,0,0,0,0,0,0,2,0,0,0,0,0,0,0,0,0,0,0,0,3,0,surprise,neutral
180,edht8mt,This one is sad but also very good,3,0,0,0,0,0,0,0,0,0,0,0,0,0,0,0,0,0,0,0,0,0,0,0,0,3,0,0,admiration,positive
181,edq4d1u,"Bay Area, sorry ;D",0,0,0,0,0,0,0,0,0,0,0,0,0,0,0,1,0,0,0,0,0,0,0,0,2,0,0,0,remorse,negative
182,efbd8aq,"Not CPT, I'm assuming? ",0,0,0,0,0,0,1,1,0,0,0,0,0,0,0,0,0,0,0,0,0,0,1,0,0,0,0,2,neutral,neutral
183,ed5355m,Thanks for the link! I've been looking too and there are like 200 in the area I called one and waiting to hear back.,0,0,0,0,0,0,0,1,0,0,0,0,0,0,0,3,0,1,0,0,0,0,0,0,0,0,0,0,gratitude,positive
184,ee78jaq,A joke of a mock and I usually refrain from being critical of other people's perspectives of team needs and such.,0,0,0,0,2,1,0,0,0,0,0,0,0,0,0,0,0,0,0,0,0,0,0,0,0,0,0,0,approval,positive
185,edyo0i0,Ay dude it's mad litty bro. Pull up hit that fatty ghost man whassu,0,1,0,1,0,1,0,0,0,0,0,0,0,1,0,0,0,0,0,0,0,0,0,0,0,0,0,0,amusement,positive
186,ef1cif7,Thank you for the specifics! Really helpful. Glad you’ve found such a good mix for you.,2,0,0,0,0,0,0,0,0,0,0,0,0,0,0,3,0,2,0,0,0,0,0,0,0,0,0,0,gratitude,positive
187,eel0no2,The content is a rambling mess.,0,0,0,1,0,0,2,0,0,1,0,0,0,0,0,0,0,0,0,0,0,0,0,0,0,0,0,0,confusion,neutral
188,eehe78m,That is awesome to know. I’m moving back to Chicago in August.,1,0,0,0,0,0,0,0,0,0,0,0,0,2,0,0,0,1,1,0,0,0,0,0,0,0,0,0,excitement,positive
189,eev2u96,I was thinking the same and was relieved when I read peed on kitchen floor!,0,0,0,0,0,0,0,0,0,0,0,0,0,0,0,0,0,0,0,0,0,0,1,3,0,0,0,0,relief,positive
190,ee580f0,That is utterly horrifying. I'm so sorry that your kindergarten teacher was such a heartless old bat.,0,0,0,0,0,0,0,0,0,0,0,0,0,0,1,0,0,0,0,0,0,0,0,0,2,2,0,1,remorse,negative
191,eep8oy7,"I think it doesn't have to be only in school, but anyway, good attitude, I'm sure you can overcome it (with patience)",2,0,0,0,0,0,0,0,0,0,1,0,0,0,0,1,0,0,0,0,1,0,0,0,0,0,0,0,admiration,positive
192,ed16foy,"Move on. On another note, dont ever send more than one picture. If she wants to see you she can meet up.",0,0,0,0,0,0,0,0,0,0,0,0,0,0,0,0,0,0,0,0,1,0,0,0,0,0,0,2,neutral,neutral
193,ef23o42,Not as bad as the face [NAME] making,0,0,0,0,1,0,0,0,0,0,0,0,0,0,0,0,0,0,0,0,0,0,1,0,0,0,0,3,neutral,neutral
194,edu6av8,I’ve woken up next to some shocking things but just imagine finding the top of a police car in your room.,0,0,0,0,0,0,0,0,0,0,0,0,0,0,0,0,0,0,0,0,0,0,0,0,0,0,1,2,neutral,neutral
195,efe1ene,Happy cake day!!!!!!!!!🍰🍰,0,1,0,0,0,0,0,0,0,0,0,0,0,1,0,0,0,1,0,0,0,0,0,0,0,0,0,0,amusement,positive
196,ef0agpv,He is [NAME]. That's the twist this soap opera needs!,0,0,0,0,1,0,0,0,0,0,0,0,0,0,0,0,0,0,0,0,0,0,1,0,0,0,1,2,neutral,neutral
197,efd3b7n,"No it doesn't. It's a lie. [NAME] is not far right. The US hasn't ""installed"" anyone",0,0,0,0,1,0,0,0,0,0,1,0,0,0,0,0,0,0,0,0,0,0,0,0,0,0,0,2,neutral,neutral
198,ee2qylq,Doesn't mean we can't improve on what we have,0,0,0,0,0,0,0,0,0,0,2,0,0,0,0,0,0,0,0,0,1,0,0,0,0,0,0,0,disapproval,negative
199,edfoypd,Makes sense. So I need 2 USB drives according the the TAILS website.,0,0,0,0,1,0,0,0,0,0,0,0,0,0,0,0,0,0,0,0,0,0,0,0,0,0,0,2,neutral,neutral
200,ee3lolu,This made me gag lol,0,1,0,0,0,0,0,0,0,0,0,0,0,0,0,0,0,0,0,0,0,0,0,0,0,0,0,2,neutral,neutral
201,edd7bal,"I can always make new friends because I'm charismatic, but I still really care about them.",0,0,0,0,2,1,0,0,0,0,0,0,0,0,0,0,0,0,0,0,0,0,0,0,0,0,0,0,approval,positive
202,eew46ln,Wish you could choose to just have two bottles of the Pinot Grigio.,0,0,0,0,0,0,0,0,2,0,0,0,0,0,0,0,0,0,0,0,1,0,0,0,0,0,0,0,desire,positive
203,ee5ml7l,"""You should be so lucky."" Bonus points if they get confused. ",2,0,0,0,0,0,1,0,0,0,0,0,0,0,0,0,0,0,0,0,1,0,0,0,0,0,0,0,admiration,positive
204,efdkyxs,Oui baguette senor,0,0,0,0,0,0,0,0,0,0,0,0,0,0,0,0,0,0,0,0,0,0,0,0,0,0,0,2,neutral,neutral
205,ed1gpkb,Damn that’s a lot of reposts!,0,0,0,0,0,0,0,0,0,0,0,0,0,0,0,0,0,0,0,0,0,0,0,0,0,0,1,2,neutral,neutral
206,ef5tz3z,"You mean ""first name"" ""middle name"" was not clear enough?",0,0,0,0,0,0,0,0,0,0,0,0,0,0,0,0,0,0,0,0,0,0,0,0,0,0,0,3,neutral,neutral
207,edq387q,"Yeah, it'll be a pretty strong 3 team race among the Nats Braves & Phillies! It'll be fun to watch it from afar!",1,3,0,0,0,0,0,0,0,0,0,0,0,1,0,0,0,2,0,0,0,0,0,0,0,0,0,0,amusement,positive
208,edo1hi2,If [NAME] has similar role to end year then no way am I taking those over him ...especially Sony,0,0,0,0,0,0,0,0,0,0,0,0,0,0,0,0,0,0,0,0,0,0,0,0,0,0,0,2,neutral,neutral
209,edm9boe,Sex dolls/robots are gonna replace them any away. Funny that. 10 years ago nobody would have thought that sex workers would be replaced by robots.,0,2,0,0,0,0,0,0,0,0,0,0,0,0,0,0,0,0,0,0,1,0,0,0,0,0,0,0,amusement,positive
210,ed1uk25,"This one is by [NAME]! Your suggestion was funny to me, and you've been blessed with your joke being DR Onion #20!",0,2,0,0,0,0,0,0,0,0,0,0,0,0,0,1,0,1,0,0,0,0,0,0,0,0,0,1,amusement,positive
211,eemx4dj,I assume he likes it and wants to share what he loves.,0,0,0,0,0,0,0,0,1,0,0,0,0,0,0,0,0,0,0,0,0,0,0,0,0,0,0,2,neutral,neutral
212,eeautqy,"*Redditor for less than 30 days* New troll account, eh?",0,0,0,0,0,0,2,0,0,0,0,0,0,0,0,0,0,0,0,0,0,0,0,0,0,0,0,1,confusion,neutral
213,eey1och,Bit of a clickbait title. He said it's normal for a big club to sack a manager that's lost a lot of points.,0,0,0,0,0,0,0,0,0,1,1,0,0,0,0,0,0,1,0,0,0,0,1,0,0,0,0,1,disappointment,negative
214,edt9zur,When giving birth is the only thing you’ve ever accomplished,1,0,0,0,2,0,0,0,0,0,0,0,0,0,0,0,0,0,0,0,0,0,0,0,0,0,0,0,approval,positive
215,eerdtoj,They needed to insert the phrase “over maintenance” in there.,0,0,0,0,0,0,0,0,0,0,0,0,0,0,0,0,0,0,0,0,0,0,0,0,0,0,0,3,neutral,neutral
216,edupa9i,america is pretty much the least class-conscious country in the world so it shouldnt be a surprise. everyone thinks that one day theyll be management so its cool,1,0,0,0,1,0,0,0,0,0,0,0,0,0,0,0,0,0,0,0,1,0,1,1,0,0,0,2,neutral,neutral
217,ed47ylc,"Huh our foster loves being snuggled in a blanket, but our dog we've had for 6 years hates being covered.",0,0,1,0,0,0,1,0,0,0,0,0,0,1,0,0,0,1,1,0,0,0,1,0,0,0,0,1,anger,negative
218,eecaq12,Yeah that's how someone died at Dour festival when swimming in the stone quarry :/,0,0,0,0,0,0,0,0,0,0,0,0,0,0,0,0,1,0,0,0,0,0,0,0,0,1,0,2,neutral,neutral
219,ed0oknz,"At least you went out! For what it's worth, I definitely would have gone out with you if you were near me.",0,0,0,0,0,0,0,0,0,0,0,0,0,0,0,0,0,0,0,0,0,1,0,0,0,0,0,2,neutral,neutral
220,ed8olvr,I dislike [NAME] more and more. Big ego and small feet.,0,0,2,2,0,0,0,0,0,0,2,0,0,0,0,0,0,0,0,0,0,0,0,0,0,0,0,0,anger,negative
221,eduuvuo,"What game do you think that is ? Because that'd be Tetris or Minecraft my dude, not your teenage greasy neckbeard crap. Sorry.",0,0,0,0,0,0,0,3,0,0,2,0,0,0,0,0,0,0,0,0,0,0,0,0,0,2,0,0,curiosity,neutral
222,ed6x8ej,"Thank you for that link, ended up finally having a nice quote to make as a flair",1,0,0,0,0,0,0,0,0,0,0,0,0,0,0,3,0,0,0,0,0,0,0,0,0,0,0,0,gratitude,positive
223,ed339uc,Calm down kid jeez,0,0,0,0,0,2,0,0,0,0,0,0,0,0,0,0,0,0,0,0,0,0,0,0,0,0,0,1,caring,positive
224,edy9hcs,I just don't know whether to believe if this is achieveable at this age.,0,0,0,0,0,0,2,0,0,0,0,0,0,0,0,0,0,0,0,0,0,0,0,0,0,0,0,1,confusion,neutral
225,edp0rgt,This is the funniest thing I’ve seen today,0,2,0,0,0,0,0,0,0,0,0,0,0,0,0,0,0,1,0,0,0,0,0,0,0,0,0,0,amusement,positive
226,eexicvd,"Yes, but assuming that our government right now wants students to do better might be a bad idea.",0,0,0,0,0,0,0,0,0,0,0,0,0,0,0,0,0,0,0,0,0,0,1,0,0,0,0,2,neutral,neutral
227,ee8lxo6,30 bombs won’t be enough for me to feel good running [NAME] and his career .291 OBP out there every day,0,0,0,0,0,0,0,0,0,0,1,0,0,0,0,0,0,0,0,0,0,0,0,0,0,0,0,2,neutral,neutral
228,ee62s7o,It takes her a week to decide? I highly doubt it. If she was interested she would've agreed immediately.,0,0,0,0,0,0,0,1,0,0,1,0,0,0,0,0,0,0,0,0,0,0,0,0,0,0,0,2,neutral,neutral
229,eeq7r51,Just because they think it’s attractive doesn’t mean it’s sexist,0,0,0,1,0,0,0,0,0,0,1,0,0,0,0,0,0,0,0,0,0,0,0,0,0,0,0,2,neutral,neutral
230,ee8pz9o,"Yeah for sure, they're too smart to go to class anyway, they've got time.",3,0,0,0,0,0,0,0,0,0,0,0,0,0,0,0,0,0,0,0,0,0,0,0,0,0,0,2,admiration,positive
231,ee2q7nv,He’s oppressed! An innocent man is going to be killed!,0,0,1,0,0,0,0,0,0,1,0,1,0,0,0,0,0,0,0,0,0,0,0,0,0,1,0,0,anger,negative
232,edvvtnh,Because you’re harassing strangers over the internet about their happy healthy pet? Weirdo.,0,0,0,1,0,0,0,1,0,0,0,0,1,0,0,0,0,1,0,0,0,0,0,0,1,0,0,1,annoyance,negative
233,eeeb9b2,Not seeing why that's depressing.,0,0,0,0,0,0,3,0,0,0,0,0,0,0,0,0,0,0,0,0,0,0,0,0,0,0,0,0,confusion,neutral
234,ee21lbv,Edgy bro.,0,0,0,0,0,0,0,0,0,0,0,0,0,0,0,0,0,0,0,3,0,0,0,0,0,0,0,0,neurvousness,
235,ef8qln5,What are the chances that [NAME] actually reads the report when it comes out?,0,0,0,0,0,0,0,1,0,0,0,0,0,0,0,0,0,0,0,0,0,0,0,0,0,0,0,2,neutral,neutral
236,edypzin,Was less worried about spelling and more worried about warning everyone in the match,0,0,0,0,0,0,0,0,0,2,0,0,0,0,0,0,0,0,0,0,0,0,0,0,1,0,0,0,disappointment,negative
237,eeqzfu4,"you forgot miracle, fake fan",0,0,0,3,0,0,0,0,0,0,1,1,0,0,0,0,0,0,0,0,0,0,0,0,0,0,0,0,annoyance,negative
238,edwsxfd,"Oh yeah, those are both totally valid criticisms. It's just that they lose me when they call him a serial predator",0,0,0,1,2,0,0,0,0,0,0,0,1,0,0,0,0,0,0,0,0,0,0,0,0,0,0,0,approval,positive
239,eef9hs1,You cannot have your car running while you're pumping gas.,0,0,0,0,0,0,0,0,0,0,3,0,0,0,0,0,0,0,0,0,0,0,0,0,0,0,0,0,disapproval,negative
240,ee4ry2u,Copy pasta?,0,0,0,0,0,0,0,1,0,0,0,0,0,0,0,0,0,0,0,0,0,0,0,0,0,0,0,4,neutral,neutral
241,ed97dtw,And then everyone clapped,0,0,0,0,0,0,0,0,0,0,0,0,0,0,0,1,0,0,0,0,0,0,0,0,0,0,0,2,neutral,neutral
242,ed3r6ba,"If your friend ever decides to go public with their content, make sure to let us know. We're more than happy to promote them. ",1,0,0,0,1,1,0,0,0,0,0,0,0,0,0,0,0,2,0,0,0,0,0,0,0,0,0,2,joy,positive
243,eddrd42,Thanks! I'm now quite excited. Unless of course they all decide to skip straight from Chatswood to Gordon.,0,0,0,0,0,0,0,0,0,0,0,0,0,3,0,3,0,0,0,0,0,0,0,0,0,0,0,0,excitement,positive
244,eew49rj,"I didn’t know [NAME] was a boxer, he can take a punch though!",0,0,0,0,0,0,1,0,0,0,0,0,0,0,0,0,0,0,0,0,0,0,1,0,0,0,2,1,surprise,neutral
245,eehnpae,Yeah guys assume 95% of attractive girls are taken OR have a bunch of guys hitting on them online.,0,0,0,0,1,0,0,1,0,0,0,0,0,1,0,0,0,0,0,0,0,0,1,0,0,0,0,2,neutral,neutral
246,edzwrhq,He left the bench and is back in the locker room with the medical staff,0,0,0,0,1,0,0,0,0,0,0,0,0,0,0,0,0,0,0,0,0,0,0,0,0,0,0,2,neutral,neutral
247,eetz0g9,Most likely shock that had him so comatose.,0,0,0,0,0,0,0,0,0,0,0,0,0,0,0,0,0,0,0,0,0,0,0,0,1,0,2,0,surprise,neutral
248,ef131xp,"I haven't gone by the name [NAME] since, oh before you were born.",0,0,0,0,0,0,0,0,0,0,1,0,0,0,0,0,0,0,0,0,0,0,0,0,0,0,0,2,neutral,neutral
249,edvjiaf,"Tbh, that sounds better than lithium",1,0,0,0,3,0,0,0,0,0,0,0,0,0,0,0,0,0,0,0,1,0,0,0,0,0,0,1,approval,positive
250,eelk1hf,interesting theory. I'll try to keep this in mind more. ♥,2,0,0,0,1,0,0,0,0,0,0,0,0,1,0,0,0,0,1,0,2,0,0,0,0,0,0,0,admiration,positive
251,eefb50m,lmao it was probably a good crowd for the people constantly asking where to get drugs on /r/sydney to mingle with,1,1,0,0,0,0,0,0,0,0,0,0,0,0,0,0,0,0,0,0,0,0,0,0,0,0,0,1,admiration,positive
252,edcmikh,[NAME] is so goddamn good,2,0,0,0,0,0,0,0,0,0,0,0,0,0,0,1,0,0,0,0,0,0,0,0,0,0,0,0,admiration,positive
253,eezim5y,Clever!!!,3,0,0,0,0,0,0,0,0,0,0,0,0,0,0,0,0,0,0,0,0,0,0,0,0,0,0,1,admiration,positive
254,eefh62n,"Turns out you can polish a turd. The trouble is, it's still just shit.",0,0,0,3,0,0,0,0,0,0,0,1,0,0,0,0,0,0,0,0,0,0,0,0,0,1,0,1,annoyance,negative
255,eddlxcp,"That seems real terrible, does that actually work? Negs should usually be playful at worst. ",0,0,0,0,0,0,2,1,0,0,0,0,0,0,2,0,0,0,0,0,1,0,0,0,0,0,0,0,confusion,neutral
256,eemulki,"Sad thing is, I wanted to, but I’m stupidly awkward...",0,0,0,0,0,0,0,0,0,0,0,1,1,0,0,0,0,0,0,0,0,0,0,0,1,3,0,0,sadness,negative
257,ee25mxt,"Alright, I really wanted you to go to HR but it might not go right for you",0,0,0,0,0,2,1,0,0,0,1,0,0,0,0,0,0,0,0,0,0,0,0,0,0,0,0,2,caring,positive
258,efh7oz9,The capitalist countries have welfare for those that can cope. The other countries dont.,0,0,0,0,1,0,0,0,0,0,2,0,0,0,0,0,0,0,0,0,0,0,0,0,0,0,0,0,disapproval,negative
259,efeddvb,I had an urge today. Went straight to the gym. Problem solved. Find something to replace your urges with,0,0,0,0,1,0,0,0,2,0,0,0,0,0,0,0,0,0,0,0,0,0,0,0,0,0,0,0,desire,positive
260,eexris9,"Was thinking the same. But watching the fight, one time def had it",0,0,0,0,0,0,0,0,0,0,0,0,0,0,0,0,0,0,0,0,0,0,2,0,0,0,0,1,realization,neutral
261,efgfplj,I am so sorry for your loss and all the stress you have right now. All the internet hugs you want right now! <3,0,0,0,0,0,1,0,0,1,0,0,0,0,0,0,1,1,0,1,0,0,0,0,0,2,1,0,0,remorse,negative
262,ed2eiwd,She needs a raise.,0,0,0,0,0,0,0,0,0,0,0,0,0,0,0,0,0,0,0,0,0,0,0,0,0,0,0,3,neutral,neutral
263,efg6fdv,whachu mean? I dont understand what being turkish does to ones character,0,0,0,1,0,0,2,1,0,0,1,0,0,0,0,0,0,0,0,0,0,0,0,0,0,0,0,0,confusion,neutral
264,efblbdq,Get better photos!,0,0,0,0,0,0,0,0,0,0,0,0,0,0,0,1,0,0,0,0,0,0,0,0,0,0,0,2,neutral,neutral
265,edfso3c,Reminds me of series finally [NAME]. Serious and dashing.,3,0,0,0,1,0,0,1,0,0,0,0,0,0,0,0,0,0,0,0,0,0,2,1,0,0,0,0,admiration,positive
266,ef6ps3v,After she hands [NAME] the nomination ;),0,0,0,0,0,0,0,0,0,0,0,0,0,0,0,0,0,1,0,0,0,0,0,0,0,0,0,2,neutral,neutral
267,eemucb6,"Suddenly, I was awake.",0,0,0,0,0,0,0,0,0,0,0,0,0,0,0,0,0,0,0,0,0,0,1,0,0,0,2,1,surprise,neutral
268,efeuc4l,Every. Single. Time.,0,0,1,0,0,0,0,0,0,0,0,0,0,0,0,0,0,0,0,0,0,0,0,0,0,0,0,2,neutral,neutral
269,eeyoqfy,Wouldn't it be great if [NAME] went down with charges?,0,0,0,0,0,0,0,2,0,0,0,0,0,0,0,0,0,0,0,0,1,0,0,0,0,0,0,0,curiosity,neutral
270,efb0gx3,>Yes. I’m an idiot. Checks out.,0,0,1,2,0,0,0,0,0,0,0,0,0,0,0,0,0,0,0,0,0,0,0,0,0,0,0,0,annoyance,negative
271,edfrrt9,It sounds spasticated.,0,0,1,1,0,0,0,0,0,1,1,1,0,0,0,0,0,0,0,0,0,0,0,0,0,1,0,0,anger,negative
272,eegbili,He also needs to understand it’s insanely hard to empathize with multimillionaires playing a kids game asking for hundreds million more.,0,0,0,1,0,0,0,0,0,0,2,0,0,0,0,0,0,0,0,0,0,0,0,0,0,0,0,1,disapproval,negative
273,eeyssse,His sister likes his Cox,0,0,0,0,0,0,0,0,0,0,0,0,0,0,0,0,0,0,1,0,0,0,0,0,0,0,0,2,neutral,neutral
274,ees923d,That's really interesting! I've seen that happen before too,0,1,0,0,1,0,0,1,0,0,0,0,0,1,0,0,0,0,0,0,0,0,1,0,0,0,2,0,surprise,neutral
275,ef0xsro,Baby cake!,0,0,0,0,0,0,0,0,0,0,0,0,0,3,0,0,0,0,0,0,0,0,0,0,0,0,0,0,excitement,positive
276,edj52tp,"I don't know what the main broadcast is like, but the MNF crew is amazing.",3,0,0,0,0,0,1,0,0,0,0,0,0,0,0,0,0,0,0,0,0,0,0,0,0,0,0,0,admiration,positive
277,edrxqba,"No! You've gotta make it warm, let it sit in the sun and have all the sugar dissolve into it! THEN you chill it!",0,0,0,1,0,0,0,0,0,0,1,0,0,0,0,0,0,1,0,0,0,0,0,0,0,0,0,1,annoyance,negative
278,edex3xj,"Glasses and [NAME] made me regain interest in the show. Pluuus I want to know what happens to [NAME], she's my favourite character :(",1,0,0,0,1,0,0,2,0,0,0,0,0,1,0,0,0,0,0,0,1,0,0,0,0,0,0,0,curiosity,neutral
279,edc0h4a,That's a really good one too. I am pretty upset to learn how limited my vocabulary is,1,0,0,0,1,0,0,0,0,0,0,0,0,0,0,0,0,0,0,0,0,0,0,0,0,2,0,0,sadness,negative
280,edr5zt2,"Ha! I actually included that on purpose, was poking fun at me (and the typical MS3) :)",0,3,0,0,1,0,0,0,0,0,0,0,0,0,0,0,0,0,0,0,0,0,0,0,0,0,0,1,amusement,positive
281,ef3mkos,Honestly I thought it just meant any game where you couldn't choose Casual mode... which is everything pre-Awakening.,1,0,0,0,0,0,0,0,0,0,0,0,0,0,0,0,0,0,0,0,0,0,0,0,0,0,0,2,neutral,neutral
282,eezhme9,Ha ha ha ha ha ha!!! Thank you.,0,3,0,0,0,0,0,0,0,0,0,0,0,0,0,3,0,0,0,0,0,0,0,0,0,0,0,0,amusement,positive
283,edtr2m8,He did all this road to find this coconut oil ! Are you ungrateful ? :( !,0,0,0,0,0,0,2,0,0,0,0,0,1,0,0,0,0,0,0,0,0,0,0,0,0,0,0,0,confusion,neutral
284,ed83y95,Barista Parlor and Crema have been my favorite so far.,2,0,0,0,0,0,0,0,0,0,0,0,0,0,0,0,0,1,0,0,0,0,0,0,0,0,0,0,admiration,positive
285,edbcwv1,Ok cheers mate thank you,0,0,0,0,0,0,0,0,0,0,0,0,0,2,0,3,0,0,0,0,0,0,0,0,0,0,0,0,gratitude,positive
286,ee8yj0o,"What the fuck? Really? That’s horrible. That’s probably illegal. If it isn’t, it should be.",0,0,0,1,0,0,0,0,0,0,0,2,1,0,0,0,0,0,0,0,0,0,0,0,0,0,1,0,disgust,negative
287,edmw8px,I've never been there before so I can't confirm or deny but I would be really surprised if a casino only had limit holdem,0,0,0,0,0,0,0,0,1,0,0,0,0,0,0,0,0,0,0,0,0,0,1,0,0,0,2,0,surprise,neutral
288,ef16ld3,That's a rather annoying extrapolation of what I said.,0,0,0,2,0,0,0,0,0,0,1,0,0,0,0,0,0,0,0,0,0,0,0,0,0,0,0,0,annoyance,negative
289,ee7o42o,"I love that logic ""I don't like it so it must not exist.""",0,0,1,0,0,0,0,0,0,0,0,0,0,0,0,0,0,0,3,0,0,0,0,0,0,0,0,0,love,positive
290,ef3h0wt,oliver and black canary is evergreen.. [NAME] is the most annoying character since season 3.. why would CW come up with that,2,0,0,1,0,0,1,0,0,1,0,0,0,0,0,0,0,0,0,0,0,0,0,0,0,0,0,0,admiration,positive
291,edqzefo,"Was not one of those players, still want to go back to the MW2 days. Totally would if I still had my PS3 :/",0,0,0,0,0,0,0,0,2,0,0,0,0,0,0,0,0,0,0,0,0,0,0,0,0,2,0,0,desire,positive
292,eeiey15,I think I know why [NAME] put you on this earth. Go on now you have a job to do.,0,0,0,1,1,1,1,0,0,1,0,0,0,0,0,0,0,0,0,0,0,0,0,0,0,0,0,0,annoyance,negative
293,eddpt47,"Should be ,,How to be a [NAME] Character""",0,0,0,0,0,0,2,1,0,0,0,0,0,0,0,0,0,0,0,0,0,0,0,0,0,0,0,2,confusion,neutral
294,eeyh1cy,It means she likes it when you do that thing.,0,0,0,0,0,1,0,0,0,0,0,0,0,0,0,0,0,0,1,0,0,0,0,0,0,0,0,2,neutral,neutral
295,eentsks,Done. Thanks!,0,0,0,0,1,0,0,0,0,0,0,0,0,0,0,2,0,0,0,0,0,0,0,0,0,0,0,0,gratitude,positive
296,ef9yw45,Or an infection from his gross fingernails.,0,0,0,0,0,0,0,0,0,0,0,0,0,0,0,0,0,0,0,0,0,0,0,0,0,0,0,3,neutral,neutral
297,ede81cn,Sadly there's a good chance that you still need a car anyway because that affordable neighborhood will involve a one hour commute.,1,0,0,0,0,0,0,0,0,0,0,0,0,0,0,0,0,0,0,0,1,0,0,0,0,3,0,0,sadness,negative
298,ed265pa,What the hell is going on at Getty Images?,0,0,2,1,0,0,0,0,0,0,0,0,0,0,0,0,0,0,0,0,0,0,0,0,0,0,0,1,anger,negative
299,eek722q,Is that what it's called now?,0,0,0,0,0,0,0,2,0,0,0,0,0,0,0,0,0,0,0,0,0,0,0,0,0,0,0,1,curiosity,neutral
300,ef90jxv,Mean daddy not taking her out again.,0,0,0,0,0,0,0,0,0,1,0,0,0,0,0,0,0,0,0,0,0,0,0,0,0,0,0,2,neutral,neutral
301,ed2y1sj,I'm sure you weren't alive and I don't recall ever specifically accusing you of doing so.,0,0,0,0,1,0,0,0,0,0,0,0,0,0,0,0,0,0,0,0,0,0,1,0,0,1,0,1,approval,positive
302,edpg76w,This was such a pleasure to watch. I wish more episodes were like Brianne.,2,0,0,0,0,0,0,0,1,0,0,0,0,0,0,1,0,0,0,0,0,0,0,0,0,0,0,0,admiration,positive
303,ed46wpj,"Most of the cast of Riverdale save for [NAME], but for some reason my girlfriend and I can't stop watching this trainwreck of a show.",0,0,0,1,0,0,1,0,0,0,0,0,1,0,0,0,0,0,1,0,0,0,0,0,0,0,0,2,neutral,neutral
304,edk9bvk,Fake The monkey was a paid actor!,0,0,0,1,0,0,0,0,0,0,2,1,0,0,0,0,0,0,0,0,0,0,0,0,0,0,0,1,disapproval,negative
305,eemyp29,I really hope your marriage is healed and can become stronger than ever.,0,0,0,0,0,0,0,0,0,0,0,0,0,0,0,0,0,0,0,0,3,0,0,0,0,0,0,0,optimism,positive
306,efbxls1,"Honestly, an obvious possibility is you find the men who you are banging other than him to be more attractive. ",1,0,0,0,0,1,0,0,0,0,0,0,0,0,0,0,0,0,1,0,1,0,0,0,0,0,0,1,admiration,positive
307,edfu4fx,"Get out of here with this, dude.",0,0,3,2,0,0,0,0,0,0,0,0,0,0,0,0,0,0,0,0,0,0,0,0,0,0,0,0,anger,negative
308,eehld4o,"You're already watching the world crash and burn, buddy. The progress toward human extinction is irreversible now. Your tormented heart can rest easy.",0,0,0,1,0,0,0,0,0,1,0,0,0,0,0,0,0,0,0,0,0,0,0,1,0,1,0,1,annoyance,negative
309,ed7vjc6,It seems as if you are the one that is unable to feel women.,0,0,0,1,1,0,0,1,0,0,1,0,0,0,0,0,0,0,0,0,0,0,1,0,0,1,1,0,annoyance,negative
310,edy0kjf,Pulp Fiction is fucking amazing,2,0,0,0,0,0,0,0,0,0,0,0,0,1,0,0,0,0,0,0,0,0,0,0,0,0,0,1,admiration,positive
311,edokp85,Well what would make us special? He's vouching for his friend.,0,0,0,0,0,0,0,2,0,0,0,0,0,0,0,0,0,0,0,0,0,0,0,0,0,0,0,1,curiosity,neutral
312,ed3gjwv,Because [NAME] had a foot injury that I think he sustained at practice for the second half of the year.,0,0,0,0,0,1,0,0,0,2,0,0,0,1,0,0,0,0,0,1,0,0,0,0,0,1,0,0,disappointment,negative
313,ed6ujiz,"omg what a nightmare, I feel for you 😞 is there any way you could order it online?",0,0,0,0,0,2,0,2,0,0,0,0,0,0,0,0,0,0,0,2,0,0,0,0,0,0,1,0,caring,positive
314,edjzfaq,Finally getting the help it needs,0,0,0,0,0,0,0,0,0,0,0,0,0,0,0,0,0,0,0,0,1,0,0,1,0,0,0,1,optimism,positive
315,effiscq,Just watched this last night. Ron u make ma heart melt 😭,0,0,0,0,0,0,0,0,0,0,0,0,0,0,0,0,0,0,0,0,0,0,0,0,0,1,0,0,sadness,negative
316,eefz7ci,Why are people downvoting this instead of providing arguments against it?,0,0,0,0,0,0,0,1,0,0,0,0,0,0,0,0,0,0,0,0,0,0,0,0,0,0,0,2,neutral,neutral
317,eevgr9t,I agree. That should be the core. [NAME] will be an elite defender,0,0,0,0,3,0,0,0,0,0,0,0,0,0,0,0,0,0,0,0,0,0,0,0,0,0,0,0,approval,positive
318,eerk0cn,I would consider it a date! Plus dancing (ballroom) is intimate...hope you have fun and good luck!,0,0,0,0,1,0,0,0,0,0,0,0,0,1,0,1,0,0,0,0,2,0,0,0,0,0,0,0,optimism,positive
319,ed4vaif,"Oh whoops, I misread the original comment",0,0,0,0,0,0,1,0,0,1,0,0,1,0,0,0,0,0,0,0,0,0,2,0,0,1,0,0,realization,neutral
320,edtbjpn,Weird flex but ok,0,0,0,1,2,0,0,0,0,0,0,0,0,0,1,0,0,0,0,0,0,0,0,0,0,0,0,0,approval,positive
321,ed6lzu6,Too bad they lost.,0,0,0,0,0,0,0,0,0,2,0,0,0,0,0,0,1,0,0,0,0,0,0,0,0,1,0,1,disappointment,negative
322,ed4ckil,> Also why I watched the old guy getting stabbed with screwdrivers till he stopped moving! Dnepropetrovsk maniacs? (3 guys 1 hammer),0,0,0,1,0,0,1,1,0,0,0,0,0,0,1,0,0,0,0,0,0,0,1,0,1,1,0,0,annoyance,negative
323,ee5sndq,This is even remotely funny,0,3,0,0,0,0,0,0,0,0,0,0,0,0,0,0,0,0,0,0,0,0,0,0,0,0,0,0,amusement,positive
324,ed2mkey,"Okay, fair enough, though the vid worried me about the level of grinding in the game",0,0,0,0,0,0,0,0,0,0,0,0,1,0,1,0,0,0,0,1,0,0,0,0,0,0,0,2,neutral,neutral
325,ee5uldo,[NAME] insulting his fanbase has literally been a hallmark of his persona from the beginning of barstool,0,0,0,2,1,0,0,0,0,0,0,0,0,0,0,0,0,0,0,0,0,0,0,0,0,0,0,2,annoyance,negative
326,eeqokox,Still saddened by the fact that we never got to see prime [NAME] vs prime [NAME].,0,0,0,0,0,0,0,0,0,0,0,0,0,0,0,0,0,0,0,0,0,0,0,0,1,3,0,0,sadness,negative
327,edcy9js,he's an awesome bro,2,0,0,0,0,0,0,0,0,0,0,0,0,0,0,0,0,0,1,0,0,0,0,0,0,0,0,0,admiration,positive
328,edwxmmz,Yeah I laughed when I remembered it. Random.,0,3,0,0,0,0,0,0,0,0,0,0,0,0,0,0,0,0,0,0,0,0,2,0,0,0,0,0,amusement,positive
329,eere80w,"hard working, alpha male, jackhammer, merciless, insatiable",0,0,0,0,0,0,0,0,0,0,0,0,0,0,0,0,0,0,0,0,0,0,0,0,0,0,0,3,neutral,neutral
330,edccpr8,God [NAME] is awful,0,0,0,1,0,0,0,0,0,1,0,2,0,0,0,0,0,0,0,1,0,0,0,0,0,0,0,0,disgust,negative
331,edeyqzc,"I did too. A shame, because it looks to be a good movie otherwise.",1,0,0,0,0,0,0,0,0,2,0,0,1,0,0,0,0,0,0,0,1,0,0,0,0,0,0,1,disappointment,negative
332,eedqucf,My dad was on 20+ narcotics for over 20 years. Now he just smokes pot and I've never seen him happier,1,0,0,0,0,0,0,0,0,0,0,0,0,1,0,0,0,1,0,0,0,0,1,0,0,1,0,1,admiration,positive
333,eeqqett,"Disgusting, but fascinating.",1,0,0,0,0,0,0,0,0,0,0,3,0,0,0,0,0,0,0,0,0,0,0,0,0,0,0,0,disgust,negative
334,ee5ter3,MDMA makes me happily social. I wish the researchers would get on that one.,0,0,0,0,0,0,0,0,3,0,0,0,0,0,0,0,0,1,0,0,0,0,0,0,0,0,0,0,desire,positive
335,eeetjx3,AM I BEING DETAINED?,0,0,0,0,0,0,1,0,0,0,0,0,0,0,0,0,0,0,0,0,0,0,1,0,0,0,0,2,neutral,neutral
336,edwdp5v,My heart just melted.,0,0,0,0,0,0,0,0,0,1,0,0,0,0,0,0,0,0,2,0,0,0,0,0,0,1,0,0,love,positive
337,ed1bkeu,Three years ago I did! Ended up hospitalized for 5 days. I can say that I'm in a much better place now. :),0,0,0,0,0,0,0,0,0,0,0,0,0,0,0,0,0,2,0,0,0,0,0,0,0,0,0,1,joy,positive
338,edwbczd,Fag breaks and a boozer within falling distance is a must.,0,0,0,0,0,0,0,0,0,0,0,0,0,0,0,0,0,0,0,0,0,0,1,0,0,0,0,2,neutral,neutral
339,eecebzq,Got to love the people who decry a two-colour view of the world by painting it all monochrome,0,0,0,0,0,1,0,0,0,0,0,0,0,0,0,0,0,0,4,0,0,0,0,0,0,0,0,0,love,positive
340,eeldqgx,A blanket. My friend crocheted me a blanket a few years ago and I use it every day. Love this thing!,0,0,0,0,0,1,0,0,0,0,0,0,0,0,0,0,0,0,5,0,0,0,0,0,0,0,0,0,love,positive
341,eda532r,Yes that is so true why didn’t I think of that,0,0,0,0,3,0,0,0,0,0,0,0,0,0,0,0,0,0,0,0,0,0,1,0,0,0,0,0,approval,positive
342,eewunml,"I like to think that this writer had one bad experience with a dyson product, and is now on a mission to destroy [NAME].",0,0,0,0,0,0,0,0,0,0,0,0,0,0,0,0,0,0,1,0,0,0,0,0,0,0,0,2,neutral,neutral
343,ef2ed3k,"Fam, I fucking love [NAME] play. Gotta be the most exciting dude in the league other than [NAME] when he’s hitting everything from 30ft+",1,0,0,0,0,0,0,0,0,0,0,0,0,3,0,0,0,0,3,0,0,0,0,0,0,0,0,0,excitement,positive
344,eeabi3r,"It’s all the same, the number makes no difference.",0,0,0,0,1,0,0,0,0,0,0,0,0,0,0,0,0,0,0,0,0,0,0,0,0,0,0,2,neutral,neutral
345,eeesmuj,They have disagreed with a bunch of individual calls but not tied it together,0,0,0,0,0,0,0,0,0,0,0,1,0,0,0,0,0,0,0,0,0,0,0,0,0,0,0,2,neutral,neutral
346,eeylwuu,That’s adorable! He probably wants them all in one spot so he can make sure they’re ok and not getting lost or hurt.,2,0,0,0,0,2,0,0,0,0,0,0,0,0,0,0,0,1,1,0,0,0,0,0,0,0,0,0,admiration,positive
347,edjgfri,"That actually looks super, super cool.",3,0,0,0,0,0,0,0,0,0,0,0,0,1,0,0,0,0,0,0,0,0,0,0,0,0,0,0,admiration,positive
348,ed6n6ti,"Haha I've got a mild case of UC, maybe I should be more dramatic about it and use it!",0,2,0,0,1,0,0,0,0,0,0,0,0,0,0,0,0,1,0,0,0,0,1,0,0,0,0,1,amusement,positive
349,edw5cr6,That little weak jog back by iwobi after his attempted cross would enough to get [NAME] dropped from the team sheet by [NAME]. Where's the accountability?,0,0,0,0,0,0,0,1,0,0,0,0,0,0,0,0,0,0,0,0,0,0,0,0,0,0,0,2,neutral,neutral
350,edy42de,Much better thanks hun !,1,0,0,0,0,0,0,0,0,0,0,0,0,0,0,3,0,0,0,0,0,0,0,0,0,0,0,0,gratitude,positive
351,ee6stj4,"> I also could care less Back to school, again.",0,0,0,1,0,0,0,0,1,1,1,0,0,0,0,0,0,0,0,1,0,0,0,0,0,0,0,0,annoyance,negative
352,efeoeou,Neither am I. I'm mocking her alongside you.,0,1,0,2,0,0,0,0,0,0,0,0,0,0,0,0,0,1,0,0,0,0,0,0,0,0,0,1,annoyance,negative
353,ed4hkk7,"I'm not advocating eating the pain away, but bring apples just in case. ",0,0,0,1,0,1,0,0,0,0,0,0,0,0,0,0,0,0,0,0,0,0,0,0,0,1,0,2,neutral,neutral
354,edcc1z5,"He will, they both look totally re-integrated. If not, they'll thrash the rockets bench guys lol",0,3,0,0,0,0,0,0,0,0,0,0,0,0,0,0,0,0,0,0,0,0,0,0,0,0,0,0,amusement,positive
355,edl5xei,"Unfortunately on my end, it’s only pecks during sex. Pretty boring. Never open mouthed or anything like that. ",0,0,0,0,0,0,0,0,0,2,0,0,0,0,0,0,0,0,0,0,0,0,0,0,0,1,0,0,disappointment,negative
356,ed72dfe,delusional about dread being a scam (don't know how this would work) and more of these conspiracy theories with zero proof/,0,0,0,0,0,0,0,0,0,2,0,0,0,0,0,0,0,0,0,2,0,0,0,0,0,0,0,1,disappointment,negative
357,edoo7ro,"thank you for this, i feel less alone now. i’m glad you overshare on this stupid website :)",0,0,0,0,0,0,0,0,0,0,0,0,0,0,0,2,0,2,0,0,0,0,0,0,0,0,0,0,gratitude,positive
358,efevkx0,[NAME] looks so fed up with this game. He's going to scream at the whole team after the game.,0,0,1,1,0,1,0,0,0,0,0,0,0,0,0,0,0,0,0,0,0,0,0,0,0,0,0,3,neutral,neutral
359,ee3puc3,FYI!!,0,0,0,0,0,0,0,0,0,0,0,0,0,0,0,0,0,0,0,0,0,0,0,0,0,0,0,3,neutral,neutral
360,ee2rawr,"Then he'll spend your worth plus some, or ...",0,0,0,0,0,1,0,0,0,0,0,0,0,0,0,0,0,0,0,0,0,0,0,0,0,0,0,2,neutral,neutral
361,ee2m5oh,"Lol, some guntards stepped out of the echo chamber and sounded completely unhinged.",0,2,0,0,0,0,0,0,0,0,0,0,0,0,0,0,0,0,0,0,0,0,0,0,0,0,0,1,amusement,positive
362,ed2aeby,This is a great detailed response. Thanks.,2,0,0,0,0,0,0,0,0,0,0,0,0,0,0,3,0,0,0,0,0,0,0,0,0,0,0,0,gratitude,positive
363,eejgc7t,Guy quotes [NAME] lol. Juicy,0,2,0,0,0,0,0,0,0,0,0,0,0,0,0,0,0,0,0,0,0,0,0,0,0,0,0,1,amusement,positive
364,ee6eyoy,"Sorry, realized I hadn’t answered the question lol. Was typing that when your response popped. ",0,0,0,0,0,0,0,0,0,0,0,0,0,0,0,1,0,0,0,0,0,0,1,0,2,0,0,0,remorse,negative
365,ef9m1lc,A little weird but I guess it's wholesome.,0,0,0,0,2,0,1,0,0,0,0,0,0,0,0,0,0,0,0,0,0,0,0,0,0,0,0,1,approval,positive
366,eegbsuu,"I mean there's some truth in so far as the criticism should be first and foremost directed towards the parents, with [NAME] in a close second.",0,0,0,0,0,0,0,0,0,0,0,0,0,0,0,0,0,0,0,0,0,0,0,0,0,0,0,2,neutral,neutral
367,eefzxt7,Drink the kool-aid! Lol,0,3,0,0,0,0,0,0,0,0,0,0,0,0,0,0,0,0,0,0,0,0,0,0,0,0,0,0,amusement,positive
368,effb0if,"Thanks for the tip, just got some FYH Caesar on sale, can’t wait to try it!",0,0,0,0,0,0,0,0,0,0,0,0,0,1,0,3,0,0,0,0,0,0,0,0,0,0,0,0,gratitude,positive
369,edqxcj1,"He’s gone soon I would imagine, hope we can get a late-mid round pick for him, like a 5th",0,0,0,0,0,0,0,0,0,0,0,0,0,0,0,0,0,0,0,0,3,0,0,0,0,0,0,0,optimism,positive
370,eedw52f,"A ""kicky switch""? I'm not sure where to use that, but I'll find a way.",0,0,0,0,0,0,2,0,1,0,0,0,0,0,0,0,0,0,0,0,1,0,0,0,0,0,0,0,confusion,neutral
371,ee8ykqr,"Good job, white truck! Don't use the damn shoulder to pass!",2,0,1,0,0,0,0,0,0,0,0,0,0,0,0,0,0,0,0,0,0,0,0,0,0,0,0,0,admiration,positive
372,eduah44,"I love [NAME] so much, but honestly it's great news that they refused to go back to that system. Hoping for [NAME].",1,0,0,0,0,0,0,0,0,0,0,0,0,0,0,0,0,0,3,0,2,0,0,0,0,0,0,0,love,positive
373,edtzrwa,Sure hoping so!,0,0,0,0,0,0,0,0,0,0,0,0,0,0,0,0,0,0,0,0,3,0,0,0,0,0,0,0,optimism,positive
374,eexgn84,Thanks! I love watching him every week,1,0,0,0,0,0,0,0,0,0,0,0,0,0,0,4,0,0,2,0,0,0,0,0,0,0,0,0,gratitude,positive
375,eehxqzg,This was ten years ago...but I have faith in people to be nice. Knoxville was amazing when I lived there.,2,0,0,0,0,0,0,0,0,0,0,0,0,0,0,0,0,1,0,0,1,0,0,0,0,0,0,0,admiration,positive
376,ef0tqwg,I don't think any game mode has a guarantee anymore. I five stacked last night in unranked and waited 15mins for a game. TL feels the shortest,0,0,0,0,0,0,0,0,0,0,0,0,0,0,0,0,0,0,0,0,0,0,0,0,0,0,0,3,neutral,neutral
377,edo42o5,"19??? Yikes slow down, enjoy yourselves and figure yourselves out. Not an age to make big decisions like that, I say at 24...",0,0,0,0,0,1,0,1,0,0,2,0,0,0,0,0,0,1,0,0,0,0,0,0,0,0,1,0,disapproval,negative
378,ee2j379,"162 Again, for the 7th straight year. Like usual lol",0,3,0,0,0,0,0,0,0,0,0,0,0,0,0,0,0,0,0,0,0,0,0,0,0,0,0,0,amusement,positive
379,effz2oc,"Sorry dumbass, the provision is for paid **training days** But nice try",1,0,1,2,1,0,0,0,0,0,0,0,1,0,0,0,0,0,0,0,0,0,0,0,0,1,0,0,annoyance,negative
380,eel9mio,"Well to be fair, playing the whole game would be a great start. Winning puck battles would also help. ",2,0,0,0,1,0,0,0,0,0,0,0,0,0,0,0,0,0,0,0,1,0,0,0,0,0,0,0,admiration,positive
381,eeoqitr,Is [NAME] gonna die to a bucket of water at the end of the series?,0,0,0,0,0,0,0,3,0,0,0,0,0,0,0,0,0,0,0,0,0,0,0,0,0,0,0,0,curiosity,neutral
